model_period,MAE,MSE
3,43047.74999999996,2834129985.675848
4,37451.75,2539990746.0416665
5,38086.08333333341,2474513102.3151026
6,34182.87222222063,2130870082.5965436
7,31890.53571428677,1906667456.7534313
8,31807.33035714248,1872710086.190402
9,33222.09953703665,2052875807.5631778
10,35765.74444444268,2068332905.333164
11,35331.70303030343,2057586624.7024298
12,35026.40151515114,2072671081.9885302
