n_transactions,1609833.0
n_properties,1039068.0
mean_price,192633.2101056445
std_price,905543.6712966219
